Month,Monthly Revenue (INR),Monthly Users,Monthly Revenue per User (INR)
2021-01,836751.0,1224,683.6200980392157
2021-02,1888963.0,1168,1617.2628424657535
2021-03,4503074.0,1299,3466.5696689761353
2021-04,2592754.0,1348,1923.4080118694362
2021-05,4633139.0,1335,3470.5161048689138
2021-06,6012858.0,1191,5048.579345088161
